Titel,@image,Dateiname,Path extension
ISO7010_1,assets/img/ISO_7010_arrow_1.png,ISO_7010_arrow_1.png,assets/img/
ISO7010_2,assets/img/ISO_7010_arrow_2.png,ISO_7010_arrow_2.png,assets/img/
ISO7010_E001,assets/img/ISO_7010_E001.png,ISO_7010_E001.png,assets/img/
ISO7010_E002,assets/img/ISO_7010_E002.png,ISO_7010_E002.png,assets/img/
ISO7010_E016,assets/img/ISO_7010_E016.png,ISO_7010_E016.png,assets/img/
ISO7010_E017,assets/img/ISO_7010_E017.png,ISO_7010_E017.png,assets/img/
ISO7010_E026,assets/img/ISO_7010_E026.png,ISO_7010_E026.png,assets/img/
ISO7010_Leftdown,assets/img/ISO_7010_Exit_Left_Down.png,ISO_7010_Exit_Left_Down.png,assets/img/
ISO7010_Left,assets/img/ISO_7010_Exit_Left.png,ISO_7010_Exit_Left.png,assets/img/
ISO7010_Leftup,assets/img/ISO_7010_Exit_Leftup.png,ISO_7010_Exit_Leftup.png,assets/img/
ISO7010_Right,assets/img/ISO_7010_Exit_Right.png,ISO_7010_Exit_Right.png,assets/img/
ISO7010_Rightdown,assets/img/ISO_7010_Exit_Rightdown.png,ISO_7010_Exit_Rightdown.png,assets/img/
ISO7010_Up,assets/img/ISO_7010_Exit_Up.png,ISO_7010_Exit_Up.png,assets/img/
ISO7010_Upright,assets/img/ISO_7010_Exit_Upright_.png,ISO_7010_Exit_Upright_.png,assets/img/
Retro ,assets/img/retro_1.jpg,retro_1.jpg,assets/img/
Retro ,assets/img/retro_2.jpeg,retro_2.jpeg,assets/img/
Retro ,assets/img/retro_3.jpg,retro_3.jpg,assets/img/
America,assets/img/red_1.jpg,red_1.jpg,assets/img/
America,assets/img/red_2.webp,red_2.webp,assets/img/
America,assets/img/red_3.jpg,red_3.jpg,assets/img/
America,assets/img/red_4.jpeg,red_4.jpeg,assets/img/
America,assets/img/red_5.webp,red_5.webp,assets/img/
Australia,assets/img/aus_1.webp,aus_1.webp,assets/img/
Australia,assets/img/australia_1.png,australia_1.png,assets/img/
Brazil,assets/img/brazil_1.jpg,brazil_1.jpg,assets/img/
Brazil,assets/img/brazil_2.jpg,brazil_2.jpg,assets/img/
Brazil,assets/img/brazil_3.webp,brazil_3.webp,assets/img/
Canada,assets/img/canada _3.jpg,canada _3.jpg,assets/img/
Canada,assets/img/canada_1.webp,canada_1.webp,assets/img/
Canada,assets/img/canada_2.webp,canada_2.webp,assets/img/
Canada,assets/img/canada_4.jpg,canada_4.jpg,assets/img/
Canada,assets/img/canada_5.jpg,canada_5.jpg,assets/img/
Chile,assets/img/chile_1.webp,chile_1.webp,assets/img/
Chile,assets/img/chile_2.png,chile_2.png,assets/img/
Chile,assets/img/chile_3.jpg,chile_3.jpg,assets/img/
Chile,assets/img/chile_4.webp,chile_4.webp,assets/img/
Eu,assets/img/eu_1.png,eu_1.png,assets/img/
Eu,assets/img/eu_2.gif,eu_2.gif,assets/img/
Eu,assets/img/eu_3.webp,eu_3.webp,assets/img/
Greece,assets/img/greece_1.jpg,greece_1.jpg,assets/img/
Greece,assets/img/greece_2.webp,greece_2.webp,assets/img/
Greece,assets/img/greece_3.webp,greece_3.webp,assets/img/
Hong Kong,assets/img/hk_1.jpg,hk_1.jpg,assets/img/
Hong Kong,assets/img/hk_2.jpeg,hk_2.jpeg,assets/img/
Hong Kong,assets/img/hk_3.jpeg,hk_3.jpeg,assets/img/
Hong Kong,assets/img/hk_4.jpg,hk_4.jpg,assets/img/
Hong Kong,assets/img/hk_6.jpg,hk_6.jpg,assets/img/
India,assets/img/india_1.jpg,india_1.jpg,assets/img/
Iran,assets/img/iran_1.jpg,iran_1.jpg,assets/img/
Isarael,assets/img/israel_1.webp,israel_1.webp,assets/img/
Isarael,assets/img/israel_2.jpeg,israel_2.jpeg,assets/img/
Isarael,assets/img/israel_3.png,israel_3.png,assets/img/
Japan,assets/img/japan_1.jpg,japan_1.jpg,assets/img/
Japan,assets/img/japan_2.jpeg,japan_2.jpeg,assets/img/
Japan,assets/img/japan_3.jpeg,japan_3.jpeg,assets/img/
Korea,assets/img/korea_1.webp,korea_1.webp,assets/img/
Korea,assets/img/korea_2.webp,korea_2.webp,assets/img/
Korea,assets/img/korea_3.jpg,korea_3.jpg,assets/img/
Malaysia,assets/img/malaysia_1.jpg,malaysia_1.jpg,assets/img/
Malaysia,assets/img/malaysia_2.jpg,malaysia_2.jpg,assets/img/
Malaysia,assets/img/malaysia_3.jpeg,malaysia_3.jpeg,assets/img/
Malaysia,assets/img/malaysia_4.webp,malaysia_4.webp,assets/img/
Russia,assets/img/russia_1.jpeg,russia_1.jpeg,assets/img/
Russia,assets/img/russia_2.jpeg,russia_2.jpeg,assets/img/
Russia,assets/img/russia_3.jpeg,russia_3.jpeg,assets/img/
Russia,assets/img/russia_4.webp,russia_4.webp,assets/img/
Saudi Arabia,assets/img/saudi_1.webp,saudi_1.webp,assets/img/
Saudi Arabia,assets/img/saudi_2.webp,saudi_2.webp,assets/img/
Thailand,assets/img/thailand_1.webp,thailand_1.webp,assets/img/
Thailand,assets/img/thailand_2.webp,thailand_2.webp,assets/img/
Thailand,assets/img/thailand_3.webp,thailand_3.webp,assets/img/
Thailand,assets/img/thailand_4.jpg,thailand_4.jpg,assets/img/
Turkey,assets/img/turkey_1.webp,turkey_1.webp,assets/img/
Turkey,assets/img/turkey_2.jpeg,turkey_2.jpeg,assets/img/
Turkey,assets/img/turkey_3.jpg,turkey_3.jpg,assets/img/
Turkey,assets/img/turkey_4.png,turkey_4.png,assets/img/
United Kingdom,assets/img/uk_1.webp,uk_1.webp,assets/img/
United Kingdom,assets/img/uk_2.webp,uk_2.webp,assets/img/
United Kingdom,assets/img/uk_3.jpg,uk_3.jpg,assets/img/
United Kingdom,assets/img/uk_4.webp,uk_4.webp,assets/img/
Vietnam,assets/img/vietnam_1.webp,vietnam_1.webp,assets/img/
Vietnam,assets/img/vietnam_2.jpg,vietnam_2.jpg,assets/img/
Vietnam,assets/img/vietnam_3.jpg,vietnam_3.jpg,assets/img/
Vietnam,assets/img/vietnam_4.png,vietnam_4.png,assets/img/
Vietnam,assets/img/vietnam_5.jpg,vietnam_5.jpg,assets/img/
Vietnam,assets/img/vietnam_6.jpg,vietnam_6.jpg,assets/img/
Airbus,assets/img/airbus_1.jpg,airbus_1.jpg,assets/img/
Airbus,assets/img/airbus_2.jpeg,airbus_2.jpeg,assets/img/
Airbus,assets/img/airbus_3.webp,airbus_3.webp,assets/img/
Airbus,assets/img/airbus_4.jpg,airbus_4.jpg,assets/img/
Airbus,assets/img/airbus_5.avif,airbus_5.avif,assets/img/
Airbus,assets/img/airbus_6.webp,airbus_6.webp,assets/img/
Marine,assets/img/marine_1.png,marine_1.png,assets/img/
Marine,assets/img/marine_2.jpg,marine_2.jpg,assets/img/
Marine,assets/img/marine_3.webp,marine_3.webp,assets/img/
Marine,assets/img/marine_4.png,marine_4.png,assets/img/
Marine,assets/img/marine_5.jpg,marine_5.jpg,assets/img/
Marine,assets/img/marine_6.jpg,marine_6.jpg,assets/img/
Tunel,assets/img/tunel_1.jpeg,tunel_1.jpeg,assets/img/
Tunel,assets/img/tunel_2.jpeg,tunel_2.jpeg,assets/img/
Tunel,assets/img/tunel_3.jpg,tunel_3.jpg,assets/img/
Tunel,assets/img/tunel_4.jpg,tunel_4.jpg,assets/img/